datetime,y_true,LinearRegression,LinearRegression_detrended,RandomForestRegressor,GradientBoostingRegressor,LightGBM,LightGBM_detrended
2010-02-17,1.4267777777777777,1.3109398266912955,1.324442546068483,1.417181079138051,1.3957162668909593,1.3539342462369948,1.3305803258310533
2010-02-18,1.223025,1.2628073767249766,1.276253452392795,1.2641713597302247,1.4099988078461192,1.361699250755701,1.3830519287850522
2010-02-19,1.3566472222222221,1.2875810996852484,1.3011510660869239,1.320271770439058,1.3483867436597254,1.3021786505505564,1.3136824701813112
2010-02-20,1.377588888888889,1.5436386438229692,1.5570990661541593,1.669928485566598,1.5109650013715463,1.7849425467307565,1.7757373260942577
2010-02-21,1.9029958333333332,1.405155883369086,1.418507958204783,1.3086852299211948,1.2600010243188169,1.2116345510764568,1.263500792321306
2010-02-22,1.0236361111111112,1.4998978087833497,1.5131328072785053,1.5322565213600676,1.419171224915821,1.4335559329597323,1.468816857896678
2010-02-23,1.0147777777777778,1.2494482573426644,1.2646066286965874,1.4703788506500546,1.2772990166079934,1.2823219543696571,1.348051789615631
2010-02-24,1.3293597222222222,1.2000062016919835,1.2161538045441156,1.3339796734581897,1.3123932862081706,1.3741102283534,1.4178037203382992
2010-02-25,1.3056972222222223,1.178739746046567,1.1946628639163666,1.2417450638087326,1.1670454951366214,1.1818937458797503,1.191792778227477
2010-02-26,1.4723305555555555,1.225484277598723,1.2416180183713146,1.2022344154567832,1.2128251036796251,1.1288070091831661,1.1943048905697071
2010-02-27,1.2257333333333333,1.455440059023926,1.4707406555468845,1.5751090558865986,1.5279466800919288,1.7201129592754612,1.7313249074667953
2010-02-28,0.49421250000000005,1.3576348044950883,1.3736806513264044,1.4245643634014835,1.4728599359924617,1.456384570829155,1.420312106467477
2010-03-01,0.9018944444444444,0.9135044322844895,0.9327968710085925,0.6576020597103412,0.5207793547876487,0.3712416299193036,0.3569807354662691
2010-03-02,0.5325736111111111,0.9885381662591908,1.0072520532463236,1.0172729986901239,1.0686704595622982,0.9981206756600218,0.9840513186938775
2010-03-03,0.6498847222222222,0.9253118087349954,0.9467066326254179,0.8572083729083948,0.803957350766858,0.7577926806071685,0.8048230952504651
2010-03-04,0.4742222222222222,0.8630162414830758,0.8857303172300276,0.972403512689102,0.922140547693044,0.8555446940811865,0.8852856313778027
2010-03-05,0.7873097222222223,0.7864177066416862,0.8112716150672435,0.7486186132648551,0.7574264271089896,0.8324127130019611,0.8619831337709584
2010-03-06,0.5518833333333333,0.9570221774735941,0.9804996209375423,0.9067904630990112,0.9852237911002615,0.9442517159950873,0.9784557043378245
2010-03-07,0.9531055555555555,0.9498378682684804,0.9738267557901423,0.8952608426283403,0.9180395174238676,0.9360178552496851,0.8837872409466926
2010-03-08,1.7757625,0.8010859689017333,0.8248843245235352,0.9440126715339516,0.9296785369858841,0.8587065641290732,0.8885175518674475
2010-03-09,1.2223000000000002,0.9611451184421079,0.9847648033167519,1.0271211615406841,1.0717282319235404,1.0939024911785746,1.1346711084909802
2010-03-10,1.2657166666666666,0.9552364784160213,0.9794748476634294,1.0860415437166284,1.1488286593861352,1.1948065802057646,1.2641249544302129
2010-03-11,1.3549236111111111,1.0191809321275194,1.0425429533124881,1.091888624064169,1.080026687246653,1.062840801718292,1.1007109393958145
2010-03-12,1.1426555555555555,1.21411795154005,1.2363415508232372,1.2066583289788062,1.1549697690180958,1.1975495033064567,1.2489764737652214
2010-03-13,1.6548680555555555,1.305489227200757,1.3276232861532977,1.437698894876609,1.3520793597550052,1.2336814768402327,1.231723927538607
2010-03-14,1.0879958333333333,1.4647664219692467,1.4859342749958289,1.3608529890651568,1.3975775674178261,1.3954236970207832,1.4217631731884122
2010-03-15,1.2443402777777777,1.3092390520972494,1.3307373613927829,1.268227176787903,1.183823974807554,1.1305913946654984,1.163474405066424
2010-03-16,1.0712847222222224,1.2212302406024316,1.2417487274681756,1.3353520250896074,1.2243760795604617,1.3590268834882044,1.383662277755771
2010-03-17,1.3952291666666665,1.1565564785641145,1.1775543657828709,1.3354628498093268,1.2157434143729287,1.3451820973759334,1.3224934092285583
2010-03-18,1.0851958333333334,1.1989266028914136,1.2194570654801722,1.300545747518535,1.1955328670042213,1.1761981220745412,1.188308731755241
2010-03-19,1.1551277777777778,1.1076804657909773,1.1287438815958206,1.1697972068058022,1.1513718838800884,1.2642737153093004,1.2474515694724635
2010-03-20,0.5678103448275862,1.231824067913184,1.2527531614397507,1.3365934487294129,1.5237634394942692,1.422322330526634,1.4944784484171127
2010-03-21,1.4771046698872787,1.000910397268436,1.023839880973992,1.0037664532863957,1.118070629436009,1.1065856482473186,1.084799910369146
2010-03-22,1.1240208333333332,1.205087839718392,1.2268530179518238,1.2741227701619928,1.2782875740621729,1.2782619796973482,1.307944167565488
2010-03-23,1.265390277777778,1.0110778999153671,1.033519523463254,1.1301951265426364,1.151913132982315,1.1976050761121082,1.220477481443829
2010-03-24,1.3852444444444445,1.1126123811153226,1.1335019124600416,1.2906335728970793,1.2470317357861445,1.3235477846799928,1.3138309292748935
2010-03-25,1.166586111111111,1.13724608949745,1.1581156901401974,1.1221841750821058,1.2002404492405403,1.0846809950935246,1.0989187567195537
2010-03-26,1.146725,1.069323070814416,1.0905958892105658,1.2234185809288136,1.169105438588679,1.2586479876883667,1.2874821411465445
2010-03-27,1.2833125,1.234127727164452,1.2552734705219883,1.432385716668603,1.405566321912846,1.4083137876341296,1.403677703341044
2010-03-28,1.2487597222222222,1.373410905826452,1.3935160095961034,1.3015593178637146,1.3480264633451864,1.3475713765501547,1.3526535812912182
2010-03-29,1.126901388888889,1.2124230740134656,1.231792541846576,1.1032997714461836,1.1032428582527178,1.003170903673236,1.0268664998594077
2010-03-30,1.3239263888888888,1.2009079330629069,1.2203183121077166,1.1562231891512997,1.1659316255520267,1.206248475283959,1.2014158773078245
2010-03-31,1.3359736111111111,1.2920605346739402,1.310543674184779,1.2052069725887253,1.2210354926555291,1.2505176131695575,1.2380499712932516
2010-04-01,1.1718333333333333,1.2539055025485402,1.272066257782216,1.09172874505237,1.0772960348391643,0.9774361172824948,0.9985835814264872
2010-04-02,1.1448763888888889,1.2264834478017435,1.2439276986196341,1.1291372320490565,1.1275485638010876,1.1104711642542096,1.1138835406079644
2010-04-03,1.2536652777777777,1.2608758804094946,1.2777267580789649,1.2834655267011001,1.3058486196011079,1.2995979475134591,1.3060157123286835
2010-04-04,1.1738805555555556,1.3814635679187641,1.3967282997325343,1.1544197663554419,1.1364063866111491,1.1100562739075217,1.1049901433128386
2010-04-05,0.7769583333333333,1.1541587448951691,1.1687587774129529,1.0914776628616578,0.9402939645401134,0.9857133123810475,0.9788238218877806
2010-04-06,1.267952777777778,1.037210159870797,1.0523948195598845,1.13721738454121,1.0514574421195706,1.0751368062856104,1.0609904214938897
2010-04-07,1.1090152777777778,1.1345351800038912,1.1491346323690805,1.2763572774049963,1.2103707057058017,1.2497106998900276,1.2066989932593073
2010-04-08,1.1452916666666666,1.055997502906896,1.069690716624021,1.1226623944326939,1.0405542446992848,1.0918254789088495,1.106564678402468
2010-04-09,0.8564930555555554,1.0594982719103363,1.073260161604881,1.1501541091504643,1.0733597967136055,1.1365086611370034,1.1360650249463533
2010-04-10,0.8265333333333333,1.120116163225249,1.1350674319856433,1.267357112562333,1.1745714277271093,1.2586918662355786,1.306479151025931
2010-04-11,1.1138359972202918,1.082492546770199,1.0981087175987654,1.1808626237525015,1.0948730822351962,1.1221255102869274,1.1834532118663001
2010-04-12,0.9996013888888888,0.9305489917751639,0.9457089859369607,1.0367994288461246,0.9497529013732082,1.0091493577870627,1.0295139895791428
2010-04-13,1.0504888888888888,1.0279388205981856,1.0422047070067204,1.0503917495432615,1.0971520008150784,1.0743658292923488,1.0628045229273548
2010-04-14,1.1530305555555556,1.024745145379414,1.038981507438405,1.013215658157161,1.0856220573074622,1.0255099740392952,1.0243232970859968
2010-04-15,1.3001236111111112,1.0368960635375453,1.0510892405477599,1.0166082086006796,0.9997309202735724,1.008509407274109,1.003789006734243
2010-04-16,1.0847652777777776,1.0416034200036433,1.0559202303087276,1.035401475684351,1.0113964059991984,1.0353320139652398,1.026680568370695
2010-04-17,1.0817444444444444,1.1790352741717895,1.193180393258197,1.1179279069700636,1.099059200574897,1.1035752802094763,1.101592221124072
2010-04-18,1.0250736111111112,1.2372875223724629,1.251214418876155,1.152441342630709,1.1448851811220773,1.0809372152719667,1.1101036243285334
2010-04-19,1.186523611111111,1.0163828217083652,1.0301642792040449,1.0158771710326233,0.9621415181096692,0.941677616816699,0.9431053376010071
2010-04-20,1.2733527777777778,1.110426729072178,1.1226215428366901,1.0884403844487496,1.0782365156600033,1.1122365986086296,1.0904969852047528
2010-04-21,1.0971625,1.1436860497822066,1.1553309794423678,1.130550475090092,1.0503581768168364,1.1268923370684916,1.094435580109018
2010-04-22,1.0145166666666667,1.1149515261335234,1.1269801236958135,1.1385304114584347,1.0554481983209105,1.029131187210703,0.9979485728935451
2010-04-23,0.8198166666666667,1.012025244206294,1.0243272892849151,1.0773944434400402,1.021363275891558,0.9903206049019454,0.9868586491029894
2010-04-24,1.0544569444444443,1.0475717921488215,1.0607606752318628,1.1074975305255277,1.0085007491252815,1.011384357097216,1.0276768510041168
2010-04-25,1.071348611111111,1.1327819992824781,1.1457457589984725,1.097872038109735,1.0461061306742685,0.9400095453832269,0.9685646953493129
2010-04-26,0.751886111111111,0.9818784843066274,0.9946635738660804,1.0236244748017522,0.945842014266264,0.8908335626916328,0.9052865441327167
2010-04-27,0.8687083333333334,0.885995133322414,0.9001129291617934,1.0251071530201707,0.96170284761708,0.9965038769908614,0.9987130613671643
2010-04-28,0.6026791666666667,0.901400941720303,0.9154676888285723,0.9934951299696985,0.9456459938872231,1.0003246299583757,0.9569345209222377
2010-04-29,0.7664749999999999,0.8200439708804499,0.8359834220382547,0.8768424211120857,0.8088663677243428,0.8183106565136818,0.7736130486994177
2010-04-30,0.776825,0.7974437919201645,0.8135064464500248,0.847405254286946,0.8964276925632392,0.8828166535135037,0.8963406282382811
2010-05-01,0.9167763888888888,0.950373609618212,0.9663663769343557,0.9317000160517046,0.9474598761338888,0.9499455514374324,0.9492082687431171
2010-05-02,1.5193819444444443,0.9735892319777891,0.9894177394482913,0.9710656522261475,0.963865036054113,0.9298925311124036,0.9277781898792927
2010-05-03,0.9800708333333332,0.9491315450454058,0.9655242232386547,0.9487489277676179,0.9590180870710505,0.9878137666079179,1.0516041874645983
2010-05-04,1.0534444444444444,0.8938769425281932,0.910731721846223,0.9055240147977658,1.0038494529581408,0.9621672180477069,0.9463294710045005
2010-05-05,1.253686111111111,0.903112321445436,0.9197519313559915,0.9567129166188089,0.955568448292172,0.8785742541335534,0.8625702567477135
2010-05-06,0.9022569444444445,1.0105823293582987,1.0267233876375583,0.959194791313496,0.9899511999957354,0.8932355027853951,0.9375707499171415
2010-05-07,1.1416694444444444,0.9370554146100032,0.9534026647565251,0.9773827812376114,0.9374156773081687,0.97795809817507,0.9993085108338458
2010-05-08,1.0648763888888888,1.2020448177747303,1.217856265986868,1.1944423286352688,1.1362213324566461,1.1333867174716392,1.1708486907864972
2010-05-09,1.0878541666666666,1.2641925128463525,1.2799868963309489,1.2534000378198358,1.2072923602862125,1.1953807883326764,1.1840084808280538
2010-05-10,1.0193694444444446,1.0228239503530367,1.0377577416072157,0.910094717105178,0.8737339686002464,0.7817066118904119,0.8222794869234926
2010-05-11,1.0912277777777777,1.0234416330079532,1.0383418251181966,0.9493679478642723,1.0116215654517242,0.9662252653710003,0.9808329807375424
2010-05-12,1.4134847222222222,1.012902341521078,1.0277716914299235,0.997080099293235,1.064776647921833,1.0413701438301284,1.0498613436422863
2010-05-13,1.0788714384989577,1.0656211785993082,1.080780231102216,0.9744937094698422,1.0343992943333693,1.0426334126281394,1.0439011822489288
2010-05-14,1.1959347222222223,1.0298098876362183,1.0452499519921046,1.013386564751103,1.076225307371794,1.0441963149106355,1.0463923516642823
2010-05-15,1.3505361111111112,1.180361132792298,1.1957508766505602,1.149416062512536,1.1593033609590984,1.1937292799805366,1.2380356887463408
2010-05-16,1.4586291666666666,1.3395739922607608,1.354795564964526,1.1795753032706136,1.2475498491744734,1.0879620919412134,1.1122668555224864
2010-05-17,1.1306819444444445,1.1565829235532512,1.1720787135147093,1.0803962333341555,1.0350240218466533,1.1373729430583184,1.156213190330325
2010-05-18,0.9869333333333333,1.1244780170285311,1.140261582781273,1.1639047312632482,1.0978824841022277,1.112828793378579,1.1282169319156727
2010-05-19,0.9908,1.1310348971231794,1.1473140327948665,1.294082643200539,1.22765976150904,1.3182415954430984,1.3003634397587684
2010-05-20,0.8013180555555555,1.0139486800185469,1.0304695478109847,1.1405990194958293,1.084640109139803,1.11452496567748,1.1471205791501857
2010-05-21,0.898886111111111,0.986202328066811,1.0034653460089016,1.0992248627371888,1.073084101340423,1.1110416175676827,1.1501556671614823
2010-05-22,1.4553972222222222,1.1019292076224776,1.1194504590878416,1.1741612014904712,1.1729713943063762,1.1865814615067436,1.2008475445803928
2010-05-23,1.033025,1.2430520827766864,1.26051176948639,1.236747466156872,1.2442675982505353,1.3053727355920444,1.2971015206831318
2010-05-24,0.9314805555555556,0.9406270998367264,0.9579888016497975,1.055060852213812,0.9478880088589011,0.9562120840981827,0.9966619412054567
2010-05-25,0.8323791666666667,0.9073463077729511,0.9250171843109327,0.986790506296323,0.985200769395586,1.0358455986253456,1.0507406262399617
2010-05-26,0.9638083333333334,0.9452751209822885,0.9633455289258881,1.080815588083091,1.0053608864353778,1.0239604451923678,1.0275971414542855
2010-05-27,0.9189875000000001,0.9132488407745203,0.9310498004362007,0.9773439729452914,0.9951043246513052,0.9290753828341997,0.9473676046299744
2010-05-28,0.9709472222222222,0.967353003153722,0.9850455570956265,1.0163503049840892,1.0045247638143397,1.0511817140454591,1.0480351938961792
2010-05-29,1.4234777777777778,1.1732765086069192,1.190297726528775,1.1466933291586836,1.2088098030692431,1.315566329690819,1.3092174385719428
2010-05-30,1.1567361111111112,1.2684467335788487,1.284861260653324,1.146754311956049,1.1904468960022137,1.2742543993375381,1.307538433612867
2010-05-31,0.9308763888888889,1.0127591604585935,1.0289566319660826,0.9556354222113481,0.9580059626182315,0.9440154172293272,0.9555747176211001
2010-06-01,0.8812249999999999,0.9288879473703241,0.9454160735743921,0.9895410944528044,0.9836367162160221,0.9932405065759362,1.0067017996871066
2010-06-02,0.6811791666666667,0.9564571358220493,0.9724840804503774,1.019248107950499,0.985200769395586,1.00405763399989,0.9999817382840257
2010-06-03,0.9681847222222222,0.8486940399124119,0.8660584839752613,0.960420116367513,0.8831322441155242,0.9005321446265717,0.903562606658301
2010-06-04,0.9864958333333333,0.9262662405985184,0.9434284811903607,1.0248568322223044,1.013325182708577,1.002677752823773,1.0069301818148702
2010-06-05,1.3955861111111112,1.185763366695805,1.2027943733433675,1.1930940889485795,1.2146971858011808,1.2835289935339709,1.3125514047220954
2010-06-06,1.21305,1.1855851041193515,1.2024905516372717,1.1633609804195804,1.1204009583940802,1.093366568341619,1.1422127817639491
2010-06-07,0.7028347222222222,0.9700543644184874,0.9869473973641874,0.9497917796864349,0.9318172676000991,0.919574783137102,0.9470082856951052
2010-06-08,0.9458569444444446,0.8211569803526289,0.8395259320073569,0.9747326232679755,0.9136941734287468,0.9703297757998024,0.9962912924083518
2010-06-09,1.065751388888889,0.8917884184162597,0.9099048956269359,0.9801083424711644,1.0230309270294393,0.9771532119705754,0.9944446929388904
2010-06-10,0.8438819444444445,0.9845630760497857,1.0022942750765111,0.9498995129197133,0.9774471489037398,0.9522162400175074,0.969873667974282
2010-06-11,1.0213,0.9250582188569461,0.943514963642135,1.059898408077357,0.9901609411152092,1.0520692978935438,1.0679799076384298
2010-06-12,1.371166087560806,1.1982664282653677,1.216079580491856,1.1892012464187356,1.2129018475323876,1.309591969857953,1.3145714282486458
2010-06-13,1.1627472222222222,1.2204366674652287,1.2382566391106038,1.1725612896121353,1.1193767225277287,1.1022514783196278,1.164690214776946
2010-06-14,0.8458222222222221,0.9484456199204672,0.966226573126452,0.9207853135671396,0.9302532144205352,0.9442672637998474,0.9751792882631352
2010-06-15,0.8499763888888888,0.9162372422116266,0.9341781591814344,0.9777261428580041,0.9489496173639176,1.0072762377048798,1.0376873519292011
2010-06-16,1.2278416666666667,0.8872209312607391,0.9047873178296153,0.9339164263618087,0.9646514128528517,1.0259623865345273,1.0384149208714932
2010-06-17,0.7139013888888889,1.0043059916045394,1.021493901242578,0.9232487795607871,0.9371752635224931,0.843949819962683,0.8648933972848258
2010-06-18,0.9252194444444445,0.9021771241105467,0.9206358894579867,0.999309400267821,0.9314771537477048,0.9626858553167016,0.9560333631135389
2010-06-19,0.9834861111111112,1.1591115569920873,1.1774423333266717,1.1272728832624759,1.0832128511578882,1.138947880559982,1.156411915884429
2010-06-20,1.1614930555555556,1.116775364347744,1.134784675011515,1.2812630636043694,1.1148567085144732,1.1903257488116934,1.1813278621650753
2010-06-21,1.1533958333333334,0.8836722920183187,0.9014070162104015,0.8493039416643768,0.87689177358554,0.8411964822839858,0.8737019340449703
2010-06-22,1.055963888888889,0.9519278466124689,0.968876310038385,0.9044234359138208,0.9510337616290684,0.875871652389343,0.9019950682533873
2010-06-23,1.0014333333333334,1.0083501672962578,1.025345567074063,1.050562770651004,1.030424311297786,1.0126721895529953,1.0304418739452896
2010-06-24,0.7609583333333333,0.9204406676808672,0.9374069395336874,0.9467996860467588,0.9073779819025558,0.8531842721379206,0.8886501766546466
2010-06-25,0.7634986111111112,0.9280797482560962,0.9454759363576802,0.9737723023538628,0.9187786916432572,0.9451439369279373,0.988068563030907
2010-06-26,0.6816805555555555,1.0986197874566637,1.1165337357244465,1.0682535822295764,0.9861776125314946,1.0317459705199115,1.0544482987206347
2010-06-27,0.7916416666666666,1.0335400207303944,1.0524746726000451,1.0416854558610227,0.9944205562631744,1.0776393058945561,1.0811111145757255
2010-06-28,1.021763888888889,0.8172576162508247,0.8362063873176748,0.8694298793002664,0.8556758676210098,0.877846241356979,0.9128656527817554
2010-06-29,0.9501709520500348,0.8587429229137247,0.8766076503967162,0.8846805165122275,0.9409869963967844,0.8893640103900174,0.9130544600768075
2010-06-30,0.9612055555555555,0.9056520095201237,0.9233805921020746,0.9203555345410083,0.9839754286717015,0.8709682397754307,0.9001417716061721
2010-07-01,0.9368069444444445,0.8207864240818656,0.838416491603451,0.8760714694375606,0.8625230791001564,0.8035064433522642,0.810480977468639
2010-07-02,0.7923111111111112,0.8742452283837858,0.8917722714103433,0.8792902832071386,0.8409803497516531,0.7944113138254233,0.8181544654328039
2010-07-03,0.7778291666666667,0.9709808889277929,0.9885629732205617,0.8966690239089691,0.8823899971798977,0.8311452897049477,0.9021381630197562
2010-07-04,1.0681166666666666,1.0350601821824774,1.0527648557805387,0.8779791884861813,0.8929062070569793,0.8257039850875261,0.875396559420307
2010-07-05,0.7736041666666666,0.9769837830553106,0.9942691642002455,0.902651726687743,0.8623751130369008,0.8885693667088925,0.9078840445570052
2010-07-06,0.6985652777777778,0.8772130285428624,0.8944955766744416,0.9366859820764337,0.8624766734180943,0.8825524171344443,0.9253742561508963
2010-07-07,0.5797138888888889,0.8485054103598726,0.8660706012830348,0.9239927835764205,0.8331943676637624,0.8940777580407828,0.9475096486053368
2010-07-08,0.8421194444444444,0.7417963312645348,0.7603155154465093,0.741847078749087,0.6824191307141105,0.7364583610669093,0.720800394055266
2010-07-09,0.7524152777777778,0.7788774142257725,0.797186780948618,0.7078871288761813,0.74894555301919,0.7389128500289991,0.7622158946573113
2010-07-10,0.8017388888888888,0.8711645189331625,0.8896958619001868,0.740645343774577,0.7770576250860495,0.7061150353764194,0.7684196075188008
2010-07-11,0.8288694444444445,0.9151644616636816,0.9338100664034705,0.8718623528784235,0.9270246842127915,0.8034652021085367,0.8571996740826131
2010-07-12,0.7705375000000001,0.7742288761979617,0.7923631807078607,0.8523071304220643,0.8184597627802368,0.8289787821465543,0.881789249099187
2010-07-13,0.9598013888888889,0.7538913020247605,0.7713271663056479,0.7050841357707378,0.7498711233096533,0.8014536329267054,0.8488377416571811
2010-07-14,0.9788,0.8197458803097755,0.8366814494568859,0.7158579691582441,0.7854316382627016,0.7289098586021775,0.7372482563398454
2010-07-15,1.134928422515636,0.8962104863805289,0.9129577470394248,0.740635858190433,0.7727247340264652,0.754718100084951,0.7834585298730367
2010-07-16,0.5694833333333333,0.904012100610992,0.9211718879611489,0.7902879194153896,0.9036092325764882,0.745123600421534,0.7776358475056881
2010-07-17,0.5599666666666666,0.8966687501821551,0.9147678745089824,0.8071100942846335,0.7594309861417915,0.7430552542011012,0.7122895582296074
2010-07-18,0.5639152777777778,0.9129492518493172,0.9318210378303566,0.7747459509001037,0.7559481489094528,0.7263888054585491,0.6864550126688206
2010-07-19,0.5563597222222222,0.6880088839131471,0.7074001412336628,0.7506376230771341,0.7105175371803745,0.719178549961314,0.7136695319723704
2010-07-20,0.5943222222222222,0.6623939699589287,0.6824899095194796,0.7461340368620548,0.7276382160111764,0.686796754004057,0.7223627536101374
2010-07-21,0.7390041666666666,0.6202119887566855,0.64028630231341,0.7872844955110819,0.7340800134283789,0.7486640246825029,0.7848831642323693
2010-07-22,0.8086430555555555,0.6869330275729545,0.7063540229506073,0.7987136369116148,0.7571194029777187,0.7312126904633646,0.7559451380026811
2010-07-23,0.8167763888888888,0.6611342177086358,0.6796427513421417,0.805667409976404,0.7397504775504754,0.7994099950261588,0.7992621401430823
2010-07-24,0.6400472222222222,0.8190079686944556,0.8373598299693213,0.8267056170721464,0.777661409272565,0.8087612710146326,0.8193523946269172
2010-07-25,0.7850069444444445,0.8082169335489184,0.8269125440083456,0.8064041484605423,0.7530780759739744,0.7907208016822698,0.8244999294830517
2010-07-26,0.6139930555555555,0.711519662495336,0.7296944994336034,0.8390353026100329,0.7272151643214938,0.8152666431098815,0.8019852920532018
2010-07-27,0.6613611111111111,0.7267791334656408,0.745265626788373,0.8153196684236057,0.7202551098403874,0.7922804777698225,0.8486741026557727
2010-07-28,0.5990652777777777,0.7647915481078627,0.7834181028204614,0.8309701917701964,0.7386244065911007,0.8183601540540917,0.860747922172487
2010-07-29,0.38132222222222223,0.7754304233087619,0.794278778161893,0.7071910755491921,0.6064085501050128,0.6455402182200376,0.6627337226792865
2010-07-30,0.38281944444444443,0.5902855927767704,0.6106482947739623,0.4548886997029999,0.391751563771183,0.39422419881033277,0.40973707007454585
2010-07-31,0.38515,0.6598428142182413,0.6808776131319277,0.4405044924782575,0.43200846770260254,0.4259502787088427,0.4717483857492747
2010-08-01,0.38587777777777776,0.6583305433229149,0.6797932539541179,0.4738485210755569,0.42848389096313555,0.42616273805057187,0.4334119849750617
2010-08-02,0.38158472222222223,0.4749221883964304,0.4965240855290336,0.44767995516352027,0.3994516744204711,0.37745592368330666,0.3932431461443515
2010-08-03,0.42723055555555556,0.4625585750354697,0.48476551272779167,0.43062752958066625,0.40755916552117477,0.33174639392913674,0.33304779545885044
2010-08-04,0.37733055555555556,0.49806429458185875,0.5197740280340213,0.5715596427009205,0.5256508828373958,0.517591004798414,0.510363778226945
2010-08-05,0.37046944444444446,0.5029202046002452,0.5247424015111628,0.4756725659174645,0.36820145952664407,0.3748725674868726,0.3950275853418507
2010-08-06,0.36440694444444444,0.5213049667525698,0.5435679833586506,0.4561283852188872,0.3713325594671994,0.33820180104488334,0.38134338197002415
2010-08-07,0.36630277777777775,0.6130698297128462,0.6358779297703687,0.4344452396739061,0.38776133072579294,0.26263092289061274,0.3019067473093038
2010-08-08,0.3669861111111111,0.6483869173348975,0.6714197918041801,0.46487211230712994,0.37171142845162203,0.2538754522153462,0.2850358297850537
2010-08-09,0.3715722222222222,0.47344467971990445,0.49655692741302293,0.41802693814921443,0.323379726115711,0.2880803229951547,0.3069233949510751
2010-08-10,0.3783041666666667,0.49075506105721034,0.5140833970564075,0.409666899731799,0.3118806848319216,0.24794784774388373,0.2671421649829461
2010-08-11,0.3763902777777777,0.48629736199684725,0.5096447429965428,0.4164969860844587,0.3252947424247811,0.27348205386659113,0.28860874421867877
2010-08-12,0.3678458333333333,0.44332675098712526,0.4669240849923988,0.42366812954383204,0.3194810898689199,0.26742158706191965,0.30727673625964413
2010-08-13,0.37103749999999996,0.4392244630698051,0.46253137151004253,0.4497983998394589,0.3415299185985592,0.30842079204919315,0.342712146007749
2010-08-14,0.3849097222222222,0.5527075835929937,0.5755557984227064,0.45082996387465735,0.3603543671177408,0.3979244370572725,0.4406398383689215
2010-08-15,0.7333236111111112,0.5676868722249231,0.5889084025232086,0.6349148681794151,0.3513940386689232,0.5284264510352397,0.5638983106164959
2010-08-16,0.7845347222222222,0.4898236788088084,0.5112125412974502,0.6976711552450114,0.6138021487069878,0.7341318329066554,0.755129330544392
2010-08-17,0.775120443740095,0.5370312506567686,0.558854332615836,0.6945098208334815,0.6951662308844153,0.7310021023560241,0.7656329866546807
2010-08-18,0.7429095128868128,0.5639915350082663,0.5861040243803474,0.7299807181382216,0.7089082899404909,0.7571877341994104,0.7845136886498176
2010-08-19,0.7106985820335306,0.5936233800083475,0.6158474428547953,0.7230830860093669,0.6926846041890004,0.7638864718647088,0.7639629744406968
2010-08-20,0.6784876511802486,0.62433150123178,0.6465124797102222,0.725357968074827,0.7272194770704162,0.7519565763731344,0.7788573071693042
2010-08-21,0.6462767203269664,0.7808664422990552,0.8026812792525643,0.866026967267454,0.7738473344426939,0.8754151041862631,0.8959797348950224
2010-08-22,0.6140657894736842,0.8524568410261527,0.873511816951944,0.8727565342546842,0.7775554521837091,0.8868077457412632,0.9156588661336037
2010-08-23,0.5317069444444444,0.6773566081711768,0.6979548920078782,0.7697198415656921,0.6546608462807827,0.7612207047464448,0.760696567426437
2010-08-24,0.5020472222222222,0.6177063980764042,0.638636013122429,0.7443692807601314,0.6864385450723863,0.732021563155151,0.7391493916521075
2010-08-25,0.6808388888888889,0.5778515613397657,0.5986329151420571,0.6494431187776677,0.6391287704358884,0.7357486468679973,0.7626285266216949
2010-08-26,0.5258694444444444,0.6020320042680982,0.6227030317813,0.6850132261798949,0.6974508004896117,0.7518853515114975,0.7876214825577714
2010-08-27,1.4101736111111112,0.5465227038252539,0.5673561478028664,0.6450739145256076,0.6412594095849776,0.7069721907950043,0.7303589871692036
2010-08-28,1.0019833333333332,0.8604274019243521,0.8843981131439099,0.8841972623189023,0.8777400465336459,0.9737728902631249,0.9916127247475314
2010-08-29,1.1586666666666667,0.8543931079534846,0.8793265101378659,0.8558482105283958,0.882116657637192,0.9117349530857601,0.9090642716181447
2010-08-30,1.0380569444444443,0.7950809527407947,0.8203664232582574,0.7638888617634518,0.7574036211402604,0.6171442018902044,0.6656798394256067
2010-08-31,0.9479902777777778,0.834493564950263,0.8600412073563082,0.811018114192046,0.8345967671710537,0.7860479954805654,0.8021211005201232
2010-09-01,1.1064708333333333,0.8994662688965984,0.9246856717205884,0.8511668315687813,0.8949312375301535,0.9251031601382508,0.9349682476919854
2010-09-02,0.9670083333333334,0.9752376770356667,1.0003429274416693,0.8408239877427899,0.8752508670927511,0.8691751034567695,0.8771115041741169
2010-09-03,0.9350097222222222,1.0914140796258667,1.1160931661270967,1.0862098088764822,1.0586914296300904,1.0228869049072797,1.1113606385316055
2010-09-04,1.2109999999999999,1.1487139339885393,1.1730089196167102,1.0435342335696338,1.0504047944215158,1.0319723592677827,1.094066936668223
2010-09-05,0.9187625,1.2216042698555512,1.2460101989534935,1.0977210219899751,1.106631231925096,1.1434673636450225,1.19027537690481
2010-09-06,0.9881083333333334,0.9551649281458681,0.9794423595414855,0.9720287390550366,0.8959547608291458,0.9037333782629213,0.9523774974065242
2010-09-07,1.0082319444444445,0.9423567357874985,0.9663348727611833,0.9683934614943377,0.9756132977589492,0.9413999052936269,0.9841545370747324
2010-09-08,0.9054249999999999,0.979655327786279,1.0033007289665405,0.9811178385094911,0.9965319694456959,0.9539410747006217,0.9786117431368676
2010-09-09,0.8602180555555555,0.8962369999111394,0.9196672307903162,0.9274604018125486,0.9269160881452551,0.9115703932952697,0.9401548051903479
2010-09-10,0.9222972222222222,1.002048040940325,1.0250767486213086,1.045516067625921,0.9781654299969004,0.96532105707509,1.002285371142336
2010-09-11,1.0161875,1.0949269849547572,1.1175600824758272,1.129043000518985,0.9037746090189972,1.0673478352513683,1.083643580710879
2010-09-12,1.1195083333333333,1.1277556404154605,1.1493914178544684,1.1671845876558054,0.8957786073966052,1.073169110862805,1.1249742370243756
2010-09-13,0.7474444444444444,0.9994334376859514,1.0202571849000053,1.0054783724164191,0.779532439660789,0.9330636032264831,0.9763610502398609
2010-09-14,0.993526388888889,0.8699247310056559,0.8908943864184518,1.0131373955240959,0.8316751999214436,0.9707236315814148,0.9791460798514703
2010-09-15,0.6847875,0.9435215727018958,0.9641890353935838,1.0592191527622155,0.8893495340737669,0.9700954952970637,0.9665065925342609
2010-09-16,0.9303736111111112,0.835695464200807,0.8572391601655528,0.9391021162010901,0.8652365678372478,0.9075238265397485,0.9373138820661666
2010-09-17,1.0400055555555556,0.9023373658884354,0.923592584207823,0.9592612362944525,0.9406825616243427,0.9722804984261747,1.0031464398205259
2010-09-18,0.8666291666666666,1.112105157705659,1.1332346158221844,1.122785948936759,1.103873547281392,1.2282762842061286,1.2800991422245165
2010-09-19,0.6386111111111111,1.03117117379381,1.05255726580804,1.0314510871450997,0.9690886969694466,1.0413653246086239,1.0424449272318441
2010-09-20,1.1686333333333334,0.7843606562545244,0.805961548303086,0.9019747874780323,0.8662130855399615,0.951319125813403,0.9990223665157951
2010-09-21,0.7717888888888889,0.9550999914567564,0.9761508826794396,0.9186402764378867,1.0122247748901256,1.0546409135975923,1.0583670015941629
2010-09-22,1.0488847222222222,0.8238860175277466,0.8452506015718043,0.8709271853201803,0.9284599712745668,0.9585302595066704,0.9796825850885962
2010-09-23,1.0068486111111112,0.9371651368934865,0.9575089316599947,0.9590751885908668,0.9702775718665764,1.014425793926391,1.0137342708050814
2010-09-24,0.9222166666666667,0.9457492949845407,0.9654114721163081,1.0408682591298668,1.0262830477825862,1.0523520121789693,1.070184362970605
2010-09-25,0.4491779661016949,1.050603865672599,1.0700114040990627,0.9836736024945693,1.0522995387200875,1.1148977284685666,1.1158685373057597
2010-09-26,0.8458236382605957,0.8777987971004195,0.8989818068327482,0.7819429126130902,0.8458746605256444,0.7893323069669244,0.7582373913453362
2010-09-27,1.2424693104194964,0.8290994276105705,0.8486589054221052,0.908662938142978,0.9172674447746827,0.857914946626871,0.8904453184047757
2010-09-28,1.6391149825783973,0.9213425559048762,0.9408290024457395,0.8620179961623523,0.9873420175745066,0.9755083535499885,0.9868282963724093
2010-09-29,1.1697402777777777,1.0377665585245253,1.058818149932337,0.9408839905420733,1.1308115223177626,0.914683455445233,0.9675760278959912
2010-09-30,0.8668597222222222,0.9817864534711523,1.0034434729015766,0.9067714587133718,0.9679902145563094,0.857085424432342,0.891875034821401
2010-10-01,1.045013888888889,0.9188960557529564,0.9409610123450571,0.9990754212053321,1.0019429172617602,0.9490546882973186,1.0120193753583901
2010-10-02,1.3355930555555555,1.0390675275775076,1.0608190377228728,1.0444856541585177,1.085817220357872,1.0414349642394571,1.087630861326088
2010-10-03,1.2713083333333333,1.2211095106560035,1.2421364374160564,1.2743574220318854,1.1550291384608669,1.1511098109275613,1.1780829791701308
2010-10-04,1.2333055555555557,1.207519885199542,1.2282528306200802,1.1533145803870972,1.067137201808494,1.0545843558438235,1.1033071102882555
2010-10-05,1.2879333333333334,1.1720678050724274,1.1929640928667247,1.1721602495183001,1.2727540509721864,1.1569344973404547,1.232358876154678
2010-10-06,0.913511111111111,1.179201934826512,1.199827809735373,1.088458462344766,1.1073586551614474,1.1463989563793686,1.196427110944589
2010-10-07,1.2569124999999999,1.042995562964519,1.0643980431626372,1.0368917612382882,1.0149749303792908,0.9692070108796205,1.003849426081129
2010-10-08,1.0489277777777777,1.1747473794955587,1.195600516021078,1.1257459410271984,1.198743889871235,1.070664113100587,1.1570077830761925
2010-10-09,1.1192916666666666,1.192992908786545,1.214176516757603,1.24729845493353,1.2597311421987882,1.339516150848129,1.3844781825805743
2010-10-10,1.3881277777777778,1.2207997560308312,1.2418224158892401,1.2601389742466902,1.2486867459227695,1.3263458294709485,1.3308790963862307
2010-10-11,1.126798611111111,1.1811338801709594,1.2019254117862297,1.1348295763013185,1.1490129108364808,1.0456598780057285,1.086832212788797
2010-10-12,1.0970083333333334,1.189993356218475,1.2112028656697809,1.3978378366410786,1.3451972554221843,1.304401100922116,1.3246321762316855
2010-10-13,1.4401986111111111,1.0892840528572196,1.1105919883344724,1.101197401718631,1.1114357287188823,1.2010826322735104,1.2260677858396871
2010-10-14,1.482723611111111,1.187006693785263,1.2080112024912244,1.1495456638679515,1.136063633839508,1.0689352146744056,1.0887112015419793
2010-10-15,1.1085583333333333,1.2257336423671685,1.2470935259097637,1.1372832206813168,1.1510349460713336,1.1723859567800556,1.17989628320417
2010-10-16,0.6944541666666667,1.3222487910341585,1.3435496895888244,1.3799468210517152,1.3284511753866097,1.5184672448235008,1.5080820841050544
2010-10-17,0.7273486111111112,1.1867902108742387,1.2099353056052549,1.2054334143278487,1.1505734826085598,1.2380633005941708,1.2028583050948998
2010-10-18,1.8846416666666668,0.965979513191482,0.9896410360842208,1.013618223478793,0.8936609672306602,0.9648210740837654,1.0160610612294936
2010-10-19,1.3374847222222224,1.2745837321121831,1.2986590032189693,1.1604796923411365,1.2021868650056362,1.1403459865938075,1.1569091905547826
2010-10-20,1.199975,1.1314633586362437,1.155822394459523,1.153484135307854,1.1960333410031279,1.0933523900284314,1.1654556237320255
2010-10-21,0.9411097222222223,1.1480919836039445,1.1725466587500792,1.261349501239089,1.2170402534896136,1.1294769050200935,1.1764102106468246
2010-10-22,1.1589527777777777,0.984120622703142,1.0088769651262688,1.1214325685869146,1.08674206946995,1.0613451206578608,1.0434784054465691
2010-10-23,1.592525,1.1424602804690378,1.1668960403764848,1.3719858353820458,1.2353597389404416,1.313277683276433,1.3019416489166553
2010-10-24,1.661256428075052,1.390159056313871,1.413984570647116,1.456713428277821,1.4105515533639836,1.4096573053320698,1.4466864689119916
2010-10-25,0.8078416666666666,1.4333841193556909,1.4565743689719812,1.2934049085045358,1.2323382316771503,1.1141892613453994,1.1250307733913774
2010-10-26,0.6568777777777778,1.0995510960823485,1.123052086419567,1.1028203675927912,1.1217129550757878,1.063201402483776,1.105435996238538
2010-10-27,0.8751930555555556,1.0273927205610431,1.0523167095292807,0.9386613591755065,0.8659338067163258,0.8942264310902385,0.9175969914686505
2010-10-28,1.0161986111111112,1.0311501865870685,1.0564967501719038,1.1483444657138748,1.0779889462705061,1.0215919548472658,1.0218548831006187
2010-10-29,0.8364041666666667,1.0497191335161211,1.0745121669925985,1.1789370058657336,1.1340234454389724,1.101018054512941,1.1322169156176995
2010-10-30,1.4949305555555554,1.0748194565717497,1.1004399388046584,1.0704533928943352,1.1116600609621425,1.0221261811550133,1.1116563676152722
2010-10-31,1.025298611111111,1.1983304139307975,1.2231153813693443,1.0839454239413036,1.175406513941783,0.9027288600810514,0.956981069945271
2010-11-01,0.9605416666666667,1.0445060766768444,1.068789592307798,1.099776124773982,1.075801266973028,0.996082383115427,0.9970318543676822
2010-11-02,0.8271402777777779,0.972346272722664,0.9969173431439662,1.1123874765681119,1.1364900477267512,1.0927743276552848,1.050760156301987
2010-11-03,0.8981236111111112,0.986235348526864,1.0111781113772265,1.1078822942395299,1.0435796455433342,1.1296818572624627,1.1295424171557908
2010-11-04,1.7744069444444446,0.9815711162550922,1.0067467909783483,1.0395870767811337,0.9674352922752143,0.992073655380815,0.9792005555746901
2010-11-05,1.2056166666666666,1.2298599256779825,1.255276271409536,1.1631230624576412,1.1704097266144626,1.0620237959397232,1.0672956422755726
2010-11-06,1.2537555555555555,1.3854038705830969,1.4112682130540462,1.5000316226602517,1.537092296223436,1.4304053088601427,1.4505323850845029
2010-11-07,1.1623722222222221,1.3784534942923792,1.4041733127948668,1.430394123960323,1.4026346769604132,1.4074041487895048,1.406244988911679
2010-11-08,1.2677361111111112,1.087265975801539,1.1129351669451981,1.1244371718673953,1.0520414751493687,1.162240417752557,1.158157291318993
2010-11-09,1.4042347222222222,1.094419187392885,1.1198953335984982,1.1425987238090591,1.3061197390824335,1.2048692981667073,1.2474635693091862
2010-11-10,1.3517597222222224,1.2317848489601564,1.2565821515209046,1.1415285683314516,1.2296470404527393,1.2412742330756452,1.259746887720273
2010-11-11,1.231661111111111,1.3667419426999707,1.3912412723550336,1.3204625014470563,1.2692023941057355,1.2445612899031269,1.249658353325443
2010-11-12,1.2755708333333333,1.2480627677381215,1.2721883994466454,1.2196110966958287,1.204229250558636,1.3101946705622065,1.307484957649642
2010-11-13,1.4049819444444445,1.4835151524138386,1.5074023871780953,1.431065668154984,1.4298517085626232,1.5286420650627512,1.5449770908057405
2010-11-14,1.41555,1.456822031454479,1.4805176153321273,1.3450062012152033,1.372620398323134,1.362359256231551,1.405923496875994
2010-11-15,1.2134597222222223,1.3459075103219802,1.3691378819523317,1.1608704130626293,1.1821581590351196,1.1718541718171915,1.1720317249087027
2010-11-16,1.0484361111111111,1.2728053003843702,1.295789974919435,1.2087164638783419,1.2298216834951277,1.3074315570896302,1.367319288982213
2010-11-17,1.0986333333333334,1.1419830402343514,1.165351563469216,1.1757041400575752,1.2177506652360024,1.1918205440201275,1.1971901776420664
2010-11-18,1.1473277777777777,1.2607425022258532,1.2828695539553063,1.3938683311067062,1.3352272771981424,1.2007415042388165,1.2083296910324757
2010-11-19,1.0905555555555557,1.1839887119032477,1.2062861162538296,1.3220474549517351,1.037116378773157,1.3319620109135946,1.3227985441453745
2010-11-20,1.525698611111111,1.3030160151459524,1.325543235931767,1.3753612641467665,1.2139903301373587,1.5791987905471474,1.5688713881440466
2010-11-21,0.6256319444444445,1.3789180272177468,1.4012781690775549,1.303058821931728,1.243828389689699,1.3728257180029904,1.3665316687882316
2010-11-22,1.4177333333333333,0.9428548438839844,0.9678176278010384,0.8032171672205706,0.7063787487610732,0.7739479133227608,0.8106031870540098
2010-11-23,1.095511111111111,1.13147117459439,1.1553407183743318,1.1228054842914683,1.2510436525474307,1.2700952842307094,1.1955802236626796
2010-11-24,1.2473944444444445,1.100128694930262,1.123632072588671,1.1993333613884753,1.248974862784733,1.4429411679619149,1.3881544904170309
2010-11-25,0.9938638888888889,1.1445382081677666,1.1675069055415546,1.1933303905931156,1.2197109215776756,1.195676058493332,1.2421642673436528
2010-11-26,1.1782296120348377,1.0783882107424392,1.1011497716576455,1.1954289817159391,1.179913708818299,1.2075525829257132,1.193686614720562
